{
	"class_name" : "PinholeCameraParameters",
	"extrinsic" : 
	[
		0.99664809581234315,
		-0.054597403997342073,
		-0.060923694818859592,
		0.0,
		0.077402324780550091,
		0.87042197815315048,
		0.48618356622424297,
		0.0,
		0.0264849623786171,
		-0.48926956110584646,
		0.87173037307592749,
		0.0,
		4.4509181318779021,
		17.692219068949498,
		23.785166982374605,
		1.0
	],
	"intrinsic" : 
	{
		"height" : 900,
		"intrinsic_matrix" : 
		[
			779.4228634059948,
			0.0,
			0.0,
			0.0,
			779.4228634059948,
			0.0,
			719.5,
			449.5,
			1.0
		],
		"width" : 1440
	},
	"version_major" : 1,
	"version_minor" : 0
}