{
	"class_name" : "PinholeCameraParameters",
	"extrinsic" : 
	[
		-0.62211322119092027,
		0.78058804894413214,
		0.060476754749660008,
		0.0,
		-0.15550250740565352,
		-0.19889843731325785,
		0.96760445525271266,
		0.0,
		0.76732920588884923,
		0.59255523749262184,
		0.24512074638849071,
		0.0,
		-33.187778337091672,
		-13.390878532214503,
		46.333539662268912,
		1.0
	],
	"intrinsic" : 
	{
		"height" : 900,
		"intrinsic_matrix" : 
		[
			779.4228634059948,
			0.0,
			0.0,
			0.0,
			779.4228634059948,
			0.0,
			719.5,
			449.5,
			1.0
		],
		"width" : 1440
	},
	"version_major" : 1,
	"version_minor" : 0
}